Workbook

Sheet By sex
A1: inc_type | B1: controls | C1: D | D1: D0 | E1: DM | F1: DF | G1: DX | H1: percM | I1: percF | J1: sdev
A2: inc_by_hour | B2: age age_sq educ_2 educ_3 educ_4 wkt8a | C2: -0.14027284 | D2: -0.22467524 | E2: 0.043687113 | F2: -0.0091728419 | G2: 0.04988813 | H2: 0.59660476 | I2: 0.49510461 | J2: 0.013083035
A3: inc_by_hour | B3: age age_sq educ_2 educ_3 educ_4 sector10_2 sector10_3 sector10_4 sector10_5 sector10_6 sector10_7 wkt8a | C3: -0.14027284 | D3: -0.19704789 | E3: 0.11615159 | F3: -0.13745236 | G3: 0.078075834 | H3: 0.31564873 | I3: 0.23638441 | J3: 0.019148652
A4: inc_by_hour | B4: age age_sq educ_2 educ_3 educ_4 sector10_2 sector10_3 sector10_4 sector10_5 sector10_6 sector10_7 firm_size_WB_1 firm_size_WB_2 firm_size_WB_3 wkt8a | C4: -0.14027284 | D4: -0.082377769 | E4: 0.043978959 | F4: -0.10283247 | G4: 0.00095843646 | H4: 0.73641568 | I4: 0.6036616 | J4: 0.010632374
A5: inc_d_total | B5: age age_sq educ_2 educ_3 educ_4 wkt8a | C5: -0.14027284 | D5: -0.22467524 | E5: 0.043687113 | F5: -0.0091728419 | G5: 0.04988813 | H5: 0.59660476 | I5: 0.49510461 | J5: 0.013083035
A6: inc_d_total | B6: age age_sq educ_2 educ_3 educ_4 sector10_2 sector10_3 sector10_4 sector10_5 sector10_6 sector10_7 wkt8a | C6: -0.14027284 | D6: -0.19704789 | E6: 0.11615159 | F6: -0.13745236 | G6: 0.078075834 | H6: 0.31564873 | I6: 0.23638441 | J6: 0.019148652
A7: inc_d_total | B7: age age_sq educ_2 educ_3 educ_4 sector10_2 sector10_3 sector10_4 sector10_5 sector10_6 sector10_7 firm_size_WB_1 firm_size_WB_2 firm_size_WB_3 wkt8a | C7: -0.14027284 | D7: -0.082377769 | E7: 0.043978959 | F7: -0.10283247 | G7: 0.00095843646 | H7: 0.73641568 | I7: 0.6036616 | J7: 0.010632374
A8: inc_d_selfw | B8: age age_sq educ_2 educ_3 educ_4 wkt8a | C8: -0.14027284 | D8: -0.22467524 | E8: 0.043687113 | F8: -0.0091728419 | G8: 0.04988813 | H8: 0.59660476 | I8: 0.49510461 | J8: 0.013083035
A9: inc_d_selfw | B9: age age_sq educ_2 educ_3 educ_4 sector10_2 sector10_3 sector10_4 sector10_5 sector10_6 sector10_7 wkt8a | C9: -0.14027284 | D9: -0.19704789 | E9: 0.11615159 | F9: -0.13745236 | G9: 0.078075834 | H9: 0.31564873 | I9: 0.23638441 | J9: 0.019148652
A10: inc_d_selfw | B10: age age_sq educ_2 educ_3 educ_4 sector10_2 sector10_3 sector10_4 sector10_5 sector10_6 sector10_7 firm_size_WB_1 firm_size_WB_2 firm_size_WB_3 wkt8a | C10: -0.14027284 | D10: -0.082377769 | E10: 0.043978959 | F10: -0.10283247 | G10: 0.00095843646 | H10: 0.73641568 | I10: 0.6036616 | J10: 0.010632374
A11: inc_d_salw | B11: age age_sq educ_2 educ_3 educ_4 wkt8a | C11: -0.14027284 | D11: -0.22467524 | E11: 0.043687113 | F11: -0.0091728419 | G11: 0.04988813 | H11: 0.59660476 | I11: 0.49510461 | J11: 0.013083035
A12: inc_d_salw | B12: age age_sq educ_2 educ_3 educ_4 sector10_2 sector10_3 sector10_4 sector10_5 sector10_6 sector10_7 wkt8a | C12: -0.14027284 | D12: -0.19704789 | E12: 0.11615159 | F12: -0.13745236 | G12: 0.078075834 | H12: 0.31564873 | I12: 0.23638441 | J12: 0.019148652
A13: inc_d_salw | B13: age age_sq educ_2 educ_3 educ_4 sector10_2 sector10_3 sector10_4 sector10_5 sector10_6 sector10_7 firm_size_WB_1 firm_size_WB_2 firm_size_WB_3 wkt8a | C13: -0.14027284 | D13: -0.082377769 | E13: 0.043978959 | F13: -0.10283247 | G13: 0.00095843646 | H13: 0.73641568 | I13: 0.6036616 | J13: 0.010632374

Sheet Summary
A1: =+'By sex'!A1 -> inc_type | B1: =+'By sex'!B1 -> controls | C1: =+'By sex'!C1 -> D | D1: =+'By sex'!D1 -> D0 | E1: =+'By sex'!E1 -> DM | F1: =+'By sex'!F1 -> DF | G1: =+'By sex'!G1 -> DX | H1: =+'By sex'!H1 -> percM | ... J1: =+'By sex'!J1 -> sdev
A2: =+'By sex'!A2 -> inc_by_hour | B2: =+'By sex'!B2 -> age age_sq | C2: =+'By sex'!C2 -> -0.14027284 | D2: =+'By sex'!D2 -> -0.14997804 | E2: =+'By sex'!E2 -> 3.1934521e-06 | F2: =+'By sex'!F2 -> 0.00051887502 | G2: =+'By sex'!G2 -> 0.0091831293 | H2: =+'By sex'!H2 -> 0.99995643 | ... J2: =+'By sex'!J2 -> 0.0079357447
A3: =+'By sex'!A3 -> inc_by_hour | B3: =+'By sex'!B3 -> age age_sq | C3: =+'By sex'!C3 -> -0.14027284 | D3: =+'By sex'!D3 -> -0.14997804 | E3: =+'By sex'!E3 -> 3.1934521e-06 | F3: =+'By sex'!F3 -> 0.00051887502 | G3: =+'By sex'!G3 -> 0.0091831293 | H3: =+'By sex'!H3 -> 0.99995643 | ... J3: =+'By sex'!J3 -> 0.0079357447
A4: =+'By sex'!A4 -> inc_by_hour | B4: =+'By sex'!B4 -> age age_sq | C4: =+'By sex'!C4 -> -0.14027284 | D4: =+'By sex'!D4 -> -0.14997804 | E4: =+'By sex'!E4 -> 3.1934521e-06 | F4: =+'By sex'!F4 -> 0.00051887502 | G4: =+'By sex'!G4 -> 0.0091831293 | H4: =+'By sex'!H4 -> 0.99995643 | ... J4: =+'By sex'!J4 -> 0.0079357447
A5: =+'By sex'!A5 -> inc_d_total | B5: =+'By sex'!B5 -> age age_sq wkt8a | C5: =+'By sex'!C5 -> -0.14027284 | D5: =+'By sex'!D5 -> -0.23817609 | E5: =+'By sex'!E5 -> 0.014115189 | F5: =+'By sex'!F5 -> 0.021121871 | G5: =+'By sex'!G5 -> 0.0626662 | H5: =+'By sex'!H5 -> 0.8208797 | ... J5: =+'By sex'!J5 -> 0.010262651
A6: =+'By sex'!A6 -> inc_d_total | B6: =+'By sex'!B6 -> age age_sq wkt8a | C6: =+'By sex'!C6 -> -0.14027284 | D6: =+'By sex'!D6 -> -0.23817609 | E6: =+'By sex'!E6 -> 0.014115189 | F6: =+'By sex'!F6 -> 0.021121871 | G6: =+'By sex'!G6 -> 0.0626662 | H6: =+'By sex'!H6 -> 0.8208797 | ... J6: =+'By sex'!J6 -> 0.010262651
A7: =+'By sex'!A7 -> inc_d_total | B7: =+'By sex'!B7 -> age age_sq wkt8a | C7: =+'By sex'!C7 -> -0.14027284 | D7: =+'By sex'!D7 -> -0.23817609 | E7: =+'By sex'!E7 -> 0.014115189 | F7: =+'By sex'!F7 -> 0.021121871 | G7: =+'By sex'!G7 -> 0.0626662 | H7: =+'By sex'!H7 -> 0.8208797 | ... J7: =+'By sex'!J7 -> 0.010262651
A8: =+'By sex'!A8 -> inc_d_selfw | B8: =+'By sex'!B8 -> age age_sq wkt8a | C8: =+'By sex'!C8 -> -0.14027284 | D8: =+'By sex'!D8 -> -0.23817609 | E8: =+'By sex'!E8 -> 0.014115189 | F8: =+'By sex'!F8 -> 0.021121871 | G8: =+'By sex'!G8 -> 0.0626662 | H8: =+'By sex'!H8 -> 0.8208797 | ... J8: =+'By sex'!J8 -> 0.010262651
A9: =+'By sex'!A9 -> inc_d_selfw | B9: =+'By sex'!B9 -> age age_sq wkt8a | C9: =+'By sex'!C9 -> -0.14027284 | D9: =+'By sex'!D9 -> -0.23817609 | E9: =+'By sex'!E9 -> 0.014115189 | F9: =+'By sex'!F9 -> 0.021121871 | G9: =+'By sex'!G9 -> 0.0626662 | H9: =+'By sex'!H9 -> 0.8208797 | ... J9: =+'By sex'!J9 -> 0.010262651
A10: =+'By sex'!A10 -> inc_d_selfw | B10: =+'By sex'!B10 -> age age_sq wkt8a | C10: =+'By sex'!C10 -> -0.14027284 | D10: =+'By sex'!D10 -> -0.23817609 | E10: =+'By sex'!E10 -> 0.014115189 | F10: =+'By sex'!F10 -> 0.021121871 | G10: =+'By sex'!G10 -> 0.0626662 | H10: =+'By sex'!H10 -> 0.8208797 | ... J10: =+'By sex'!J10 -> 0.010262651
A11: =+'By sex'!A11 -> inc_d_salw | B11: =+'By sex'!B11 -> age age_sq wkt8a | C11: =+'By sex'!C11 -> -0.14027284 | D11: =+'By sex'!D11 -> -0.23817609 | E11: =+'By sex'!E11 -> 0.014115189 | F11: =+'By sex'!F11 -> 0.021121871 | G11: =+'By sex'!G11 -> 0.0626662 | H11: =+'By sex'!H11 -> 0.8208797 | ... J11: =+'By sex'!J11 -> 0.010262651
A12: =+'By sex'!A12 -> inc_d_salw | B12: =+'By sex'!B12 -> age age_sq wkt8a | C12: =+'By sex'!C12 -> -0.14027284 | D12: =+'By sex'!D12 -> -0.23817609 | E12: =+'By sex'!E12 -> 0.014115189 | F12: =+'By sex'!F12 -> 0.021121871 | G12: =+'By sex'!G12 -> 0.0626662 | H12: =+'By sex'!H12 -> 0.8208797 | ... J12: =+'By sex'!J12 -> 0.010262651
A13: =+'By sex'!A13 -> inc_d_salw | B13: =+'By sex'!B13 -> age age_sq wkt8a | C13: =+'By sex'!C13 -> -0.14027284 | D13: =+'By sex'!D13 -> -0.23817609 | E13: =+'By sex'!E13 -> 0.014115189 | F13: =+'By sex'!F13 -> 0.021121871 | G13: =+'By sex'!G13 -> 0.0626662 | H13: =+'By sex'!H13 -> 0.8208797 | ... J13: =+'By sex'!J13 -> 0.010262651
