Workbook

Sheet Summary_total
B2: Country | C2: ='[1]GNB By sex'!C1 -> D | D2: ='[1]GNB By sex'!D1 -> D0 | E2: ='[1]GNB By sex'!E1 -> DM | F2: ='[1]GNB By sex'!F1 -> DF | G2: ='[1]GNB By sex'!G1 -> DX | H2: ='[1]GNB By sex'!H1 -> percM | I2: ='[1]GNB By sex'!I1 -> percF | J2: ='[1]GNB By sex'!J1 -> sdev | L2: ='[1]GNB By sex'!A1 -> inc_type | M2: ='[1]GNB By sex'!B1 -> controls
B3: Guinea-Bissau | C3: ='GNB By sex'!$C$7 -> 0.035460938 | D3: ='GNB By sex'!$D$7 -> 0.056286845 | E3: ='GNB By sex'!$E$7 -> 0.10845781 | F3: ='GNB By sex'!$F$7 -> -0.081278451 | G3: ='GNB By sex'!$G$7 -> -0.048005268 | H3: ='GNB By sex'!$H$7 -> 0.11795267 | I3: ='GNB By sex'!$I$7 -> 0.1177416 | J3: ='GNB By sex'!$J$7 -> 0.053238943 | L3: ='[1]GNB By sex'!$A$7 -> inc_d_total | M3: ='[1]GNB By sex'!$B$7 -> age age_sq educ_2 educ_3 educ_4 sector2_1 sector2_2 sector2_3 sector2_4 sector2_5 tot_children week_hours
B4: Mauritania | C4: ='MRT By sex'!$C$7 -> 0.55749625 | D4: ='MRT By sex'!$D$7 -> 0.20114884 | E4: ='MRT By sex'!$E$7 -> -0.59465587 | F4: ='MRT By sex'!$F$7 -> 0.81780916 | G4: ='MRT By sex'!$G$7 -> 0.1331941 | H4: ='MRT By sex'!$H$7 -> 0.31041971 | I4: ='MRT By sex'!$I$7 -> 0.31382009 | J4: ='MRT By sex'!$J$7 -> 0.23631103 | L4: ='[1]MRT By sex'!$A$7 -> inc_d_total | M4: ='[1]MRT By sex'!$B$7 -> age age_sq educ_2 educ_3 educ_4 sector2_1 sector2_2 sector2_3 sector2_4 sector2_5 firm_size_WB_1 firm_size_WB_2 firm_size_WB_3 tot_children week_hours
B5: Senegal | C5: ='SEN By sex'!$C$7 -> -0.10218772 | D5: ='SEN By sex'!$D$7 -> -0.34873605 | E5: ='SEN By sex'!$E$7 -> -0.1455555 | F5: ='SEN By sex'!$F$7 -> 0.38182545 | G5: ='SEN By sex'!$G$7 -> 0.01027836 | H5: ='SEN By sex'!$H$7 -> 0.055288285 | I5: ='SEN By sex'!$I$7 -> 0.10735006 | J5: ='SEN By sex'!$J$7 -> 0.062916376 | L5: ='[1]SEN By sex'!$A$7 -> inc_d_total | M5: ='[1]SEN By sex'!$B$7 -> age age_sq educ_2 educ_3 educ_4 sector2_1 sector2_2 sector2_3 sector2_4 sector2_5 tot_children week_hours
B6: The Gambia | C6: ='GMB By sex'!$C$7 -> 1.2663012 | D6: ='GMB By sex'!$D$7 -> 1.0185697 | E6: ='GMB By sex'!$E$7 -> 0.90311867 | F6: ='GMB By sex'!$F$7 -> -0.71686155 | G6: ='GMB By sex'!$G$7 -> 0.061474342 | H6: ='GMB By sex'!$H$7 -> 0.10777156 | I6: ='GMB By sex'!$I$7 -> 0.11143329 | J6: ='GMB By sex'!$J$7 -> 0.1938304 | L6: ='[1]GMB By sex'!$A$7 -> inc_d_total | M6: ='[1]GMB By sex'!$B$7 -> age age_sq educ_2 educ_3 educ_4 sector10_2 sector10_3 sector10_4 sector10_5 sector10_6 sector10_7 firm_size_WB_1 firm_size_WB_2 firm_size_WB_3 tot_children wkt8a
B9: D = # is the total gap, the difference between averages in the outcome-variable of the comparing groups. It is expressed as a percentage of the average of outcome-variable for the group in which by-variable=0
B10: D0= # is the unexplained part of the gap.
B11: DM= # is the part of the gap that can be explained by the differences in characteristics between two groups of the individuals with by-variable=1, that are in and out of the common support of the variables defined by match-variable(s)
B12: DF= # is the part of the gap that can be explained by the differences in characteristics between two groups of the individuals with by-variable=0, that are in and out of the common support of the variables defined by match-variable(s)
B13: DX= # is the part of the gap that can be explained by differences in the distribution of characteristics of the two groups discriminated by by-variable in the common support of the variables defined by match-variable(s)
B14: ****************************************************
B15: percM= # is the percentage of the individuals with by-variable=1 that are in the common support of the variables defined by match-variable(s)
B16: percF= # is the percentage of the individuals with by-variable=0 that are in the common support of the variables defined by match-variable(s)
B20: Gap | C20: Guinea-Bissau | D20: Mauritania | E20: Senegal | F20: The Gambia
B21: Total | C21: ='GNB By sex'!$C$7 -> 0.035460938 | D21: ='MRT By sex'!$C$7 -> 0.55749625 | E21: ='SEN By sex'!$C$7 -> -0.10218772 | F21: ='GMB By sex'!$C$7 -> 1.2663012
B22: Unexplained | C22: ='GNB By sex'!$D$7 -> 0.056286845 | D22: ='MRT By sex'!$D$7 -> 0.20114884 | E22: ='SEN By sex'!$D$7 -> -0.34873605 | F22: ='GMB By sex'!$D$7 -> 1.0185697
B23: Explained male outside | C23: ='GNB By sex'!$E$7 -> 0.10845781 | D23: ='MRT By sex'!$E$7 -> -0.59465587 | E23: ='SEN By sex'!$E$7 -> -0.1455555 | F23: ='GMB By sex'!$E$7 -> 0.90311867
B24: explained female outside | C24: ='GNB By sex'!$F$7 -> -0.081278451 | D24: ='MRT By sex'!$F$7 -> 0.81780916 | E24: ='SEN By sex'!$F$7 -> 0.38182545 | F24: ='GMB By sex'!$F$7 -> -0.71686155
B25: Explained common | C25: ='GNB By sex'!$G$7 -> -0.048005268 | D25: ='MRT By sex'!$G$7 -> 0.1331941 | E25: ='SEN By sex'!$G$7 -> 0.01027836 | F25: ='GMB By sex'!$G$7 -> 0.061474342
B26: Male in support | C26: ='GNB By sex'!$H$7 -> 0.11795267 | D26: ='MRT By sex'!$H$7 -> 0.31041971 | E26: ='SEN By sex'!$H$7 -> 0.055288285 | F26: ='GMB By sex'!$H$7 -> 0.10777156
B27: Female in support | C27: ='GNB By sex'!$I$7 -> 0.1177416 | D27: ='MRT By sex'!$I$7 -> 0.31382009 | E27: ='SEN By sex'!$I$7 -> 0.10735006 | F27: ='GMB By sex'!$I$7 -> 0.11143329
B28: SD unexplained | C28: ='GNB By sex'!$J$7 -> 0.053238943 | D28: ='MRT By sex'!$J$7 -> 0.23631103 | E28: ='SEN By sex'!$J$7 -> 0.062916376 | F28: ='GMB By sex'!$J$7 -> 0.1938304

Sheet Summary_perhour
C2: =[1]Summary_total!C2 -> D | D2: =[1]Summary_total!D2 -> D0 | E2: =[1]Summary_total!E2 -> DM | F2: =[1]Summary_total!F2 -> DF | G2: =[1]Summary_total!G2 -> DX | H2: =[1]Summary_total!H2 -> percM | I2: =[1]Summary_total!I2 -> percF | J2: =[1]Summary_total!J2 -> sdev | L2: =[1]Summary_total!L2 -> inc_type | M2: =[1]Summary_total!M2 -> controls
B3: Guinea-Bissau | C3: ='GNB By sex'!$C$4 -> -0.09745802 | D3: ='GNB By sex'!$D$4 -> -0.060622729 | E3: ='GNB By sex'!$E$4 -> -0.2807239 | F3: ='GNB By sex'!$F$4 -> 0.27360564 | G3: ='GNB By sex'!$G$4 -> -0.029717041 | H3: ='GNB By sex'!$H$4 -> 0.27268714 | I3: ='GNB By sex'!$I$4 -> 0.33019951 | J3: ='GNB By sex'!$J$4 -> 0.029680865 | L3: ='[1]GNB By sex'!$A$4 -> inc_by_hour | M3: ='[1]GNB By sex'!$B$4 -> age age_sq educ_2 educ_3 educ_4 sector2_1 sector2_2 sector2_3 sector2_4 sector2_5 tot_children week_hours
B4: Mauritania | C4: ='MRT By sex'!$C$4 -> 0.25216925 | D4: ='MRT By sex'!$D$4 -> -0.071630344 | E4: ='MRT By sex'!$E$4 -> -0.63817942 | F4: ='MRT By sex'!$F$4 -> 0.81738633 | G4: ='MRT By sex'!$G$4 -> 0.14459272 | H4: ='MRT By sex'!$H$4 -> 0.3133274 | I4: ='MRT By sex'!$I$4 -> 0.31623635 | J4: ='MRT By sex'!$J$4 -> 0.20643646 | L4: ='[1]MRT By sex'!$A$4 -> inc_by_hour | M4: ='[1]MRT By sex'!$B$4 -> age age_sq educ_2 educ_3 educ_4 sector2_1 sector2_2 sector2_3 sector2_4 sector2_5 firm_size_WB_1 firm_size_WB_2 firm_size_WB_3 tot_children week_hours
B5: Senegal | C5: ='SEN By sex'!$C$4 -> -0.23845956 | D5: ='SEN By sex'!$D$4 -> -0.35226673 | E5: ='SEN By sex'!$E$4 -> -0.14616774 | F5: ='SEN By sex'!$F$4 -> 0.27133045 | G5: ='SEN By sex'!$G$4 -> -0.011355551 | H5: ='SEN By sex'!$H$4 -> 0.21378471 | I5: ='SEN By sex'!$I$4 -> 0.37578359 | J5: ='SEN By sex'!$J$4 -> 0.024763882 | L5: ='[1]SEN By sex'!$A$4 -> inc_by_hour | M5: ='[1]SEN By sex'!$B$4 -> age age_sq educ_2 educ_3 educ_4 sector2_1 sector2_2 sector2_3 sector2_4 sector2_5 tot_children week_hours
B6: The Gambia | C6: ='GMB By sex'!$C$4 -> 0.67210168 | D6: ='GMB By sex'!$D$4 -> 0.72337377 | E6: ='GMB By sex'!$E$4 -> 0.58263826 | F6: ='GMB By sex'!$F$4 -> -0.66761655 | G6: ='GMB By sex'!$G$4 -> 0.033706143 | H6: ='GMB By sex'!$H$4 -> 0.10809439 | I6: ='GMB By sex'!$I$4 -> 0.1115774 | J6: ='GMB By sex'!$J$4 -> 0.13091038 | L6: ='[1]GMB By sex'!$A$4 -> inc_by_hour | M6: ='[1]GMB By sex'!$B$4 -> age age_sq educ_2 educ_3 educ_4 sector10_2 sector10_3 sector10_4 sector10_5 sector10_6 sector10_7 firm_size_WB_1 firm_size_WB_2 firm_size_WB_3 tot_children wkt8a
B9: D = # is the total gap, the difference between averages in the outcome-variable of the comparing groups. It is expressed as a percentage of the average of outcome-variable for the group in which by-variable=0
B10: D0= # is the unexplained part of the gap.
B11: DM= # is the part of the gap that can be explained by the differences in characteristics between two groups of the individuals with by-variable=1, that are in and out of the common support of the variables defined by match-variable(s)
B12: DF= # is the part of the gap that can be explained by the differences in characteristics between two groups of the individuals with by-variable=0, that are in and out of the common support of the variables defined by match-variable(s)
B13: DX= # is the part of the gap that can be explained by differences in the distribution of characteristics of the two groups discriminated by by-variable in the common support of the variables defined by match-variable(s)
B14: ****************************************************
B15: percM= # is the percentage of the individuals with by-variable=1 that are in the common support of the variables defined by match-variable(s)
B16: percF= # is the percentage of the individuals with by-variable=0 that are in the common support of the variables defined by match-variable(s)
B20: Gap | C20: Guinea-Bissau | D20: Mauritania | E20: Senegal | F20: The Gambia
B21: Total | C21: -0.09745802 | D21: 0.25216925 | E21: -0.23845956 | F21: 0.67210168
B22: Unexplained | C22: -0.060622729 | D22: -0.071630344 | E22: -0.35226673 | F22: 0.72337377
B23: Explained male outside | C23: -0.2807239 | D23: -0.63817942 | E23: -0.14616774 | F23: 0.58263826
B24: explained female outside | C24: 0.27360564 | D24: 0.81738633 | E24: 0.27133045 | F24: -0.66761655
B25: Explained common | C25: -0.029717041 | D25: 0.14459272 | E25: -0.011355551 | F25: 0.033706143
B26: Male in support | C26: 0.27268714 | D26: 0.3133274 | E26: 0.21378471 | F26: 0.10809439
B27: Female in support | C27: 0.33019951 | D27: 0.31623635 | E27: 0.37578359 | F27: 0.1115774
B28: SD unexplained | C28: 0.029680865 | D28: 0.20643646 | E28: 0.024763882 | F28: 0.13091038

Sheet GMB By sex
A1: inc_type | B1: controls | C1: D | D1: D0 | E1: DM | F1: DF | G1: DX | H1: percM | I1: percF | J1: sdev
A2: inc_by_hour | B2: age age_sq educ_2 educ_3 educ_4 tot_children wkt8a | C2: 0.67210168 | D2: 0.65022171 | E2: 0.49411261 | F2: -0.51394182 | G2: 0.041709144 | H2: 0.15981023 | I2: 0.16458009 | J2: 0.10413298
A3: inc_by_hour | B3: age age_sq educ_2 educ_3 educ_4 sector10_2 sector10_3 sector10_4 sector10_5 sector10_6 sector10_7 tot_children wkt8a | C3: 0.67210168 | D3: 0.72322309 | E3: 0.56703424 | F3: -0.66149038 | G3: 0.043334719 | H3: 0.11112823 | I3: 0.11403289 | J3: 0.1295788
A4: inc_by_hour | B4: age age_sq educ_2 educ_3 educ_4 sector10_2 sector10_3 sector10_4 sector10_5 sector10_6 sector10_7 firm_size_WB_1 firm_size_WB_2 firm_size_WB_3 tot_children wkt8a | C4: 0.67210168 | D4: 0.72337377 | E4: 0.58263826 | F4: -0.66761655 | G4: 0.033706143 | H4: 0.10809439 | I4: 0.1115774 | J4: 0.13091038
A5: inc_d_total | B5: age age_sq educ_2 educ_3 educ_4 tot_children wkt8a | C5: 1.2663012 | D5: 0.90617865 | E5: 0.67638034 | F5: -0.44233492 | G5: 0.12607709 | H5: 0.15952444 | I5: 0.16446523 | J5: 0.15016331
A6: inc_d_total | B6: age age_sq educ_2 educ_3 educ_4 sector10_2 sector10_3 sector10_4 sector10_5 sector10_6 sector10_7 tot_children wkt8a | C6: 1.2663012 | D6: 1.015124 | E6: 0.87361097 | F6: -0.70187706 | G6: 0.079443291 | H6: 0.11080286 | I6: 0.11389741 | J6: 0.19135267
A7: inc_d_total | B7: age age_sq educ_2 educ_3 educ_4 sector10_2 sector10_3 sector10_4 sector10_5 sector10_6 sector10_7 firm_size_WB_1 firm_size_WB_2 firm_size_WB_3 tot_children wkt8a | C7: 1.2663012 | D7: 1.0185697 | E7: 0.90311867 | F7: -0.71686155 | G7: 0.061474342 | H7: 0.10777156 | I7: 0.11143329 | J7: 0.1938304
A8: inc_d_selfw | B8: age age_sq educ_2 educ_3 educ_4 tot_children wkt8a | C8: 1.2515352 | D8: 0.37800622 | E8: 1.3261333 | F8: -0.51745421 | G8: 0.064849958 | H8: 0.1736017 | I8: 0.15712675 | J8: 0.05753734
A9: inc_d_selfw | B9: age age_sq educ_2 educ_3 educ_4 sector10_2 sector10_3 sector10_4 sector10_5 sector10_6 sector10_7 tot_children wkt8a | C9: 1.2515352 | D9: 0.35542321 | E9: 1.5180802 | F9: -0.72990549 | G9: 0.10793718 | H9: 0.13108118 | I9: 0.12243858 | J9: 0.038408842
A10: inc_d_selfw | B10: age age_sq educ_2 educ_3 educ_4 sector10_2 sector10_3 sector10_4 sector10_5 sector10_6 sector10_7 firm_size_WB_1 firm_size_WB_2 firm_size_WB_3 tot_children wkt8a | C10: 1.2515352 | D10: 0.35119623 | E10: 1.5470282 | F10: -0.73463088 | G10: 0.087941602 | H10: 0.12842715 | I10: 0.12125103 | J10: 0.037985977
A11: inc_d_salw | B11: age age_sq educ_2 educ_3 educ_4 tot_children wkt8a | C11: 0.58568841 | D11: 1.6021767 | E11: -0.16632144 | F11: -0.2687448 | G11: -0.58142203 | H11: 0.095569447 | I11: 0.078254588 | J11: 1.5305333
A12: inc_d_salw | B12: age age_sq educ_2 educ_3 educ_4 sector10_2 sector10_3 sector10_4 sector10_5 sector10_6 sector10_7 tot_children wkt8a | C12: 0.58568841 | D12: 2.1863999 | E12: -0.087705448 | F12: -0.56352061 | G12: -0.9494853 | H12: 0.079292387 | I12: 0.053881343 | J12: 2.4017267
A13: inc_d_salw | B13: age age_sq educ_2 educ_3 educ_4 sector10_2 sector10_3 sector10_4 sector10_5 sector10_6 sector10_7 firm_size_WB_1 firm_size_WB_2 firm_size_WB_3 tot_children wkt8a | C13: 0.58568841 | D13: 2.3765612 | E13: -0.068809666 | F13: -0.59859389 | G13: -1.1234691 | H13: 0.076910868 | I13: 0.04788347 | J13: 2.80462

Sheet MRT By sex
A1: inc_type | B1: controls | C1: D | D1: D0 | E1: DM | F1: DF | G1: DX | H1: percM | I1: percF | J1: sdev
A2: inc_by_hour | B2: age age_sq educ_2 educ_3 educ_4 tot_children week_hours | C2: 0.25216925 | D2: 0.20798391 | E2: 0.18776308 | F2: -0.1851612 | G2: 0.041583464 | H2: 0.20082211 | I2: 0.29125157 | J2: 0.1692057
A3: inc_by_hour | B3: age age_sq educ_2 educ_3 educ_4 sector2_1 sector2_2 sector2_3 sector2_4 sector2_5 tot_children week_hours | C3: 0.25216925 | D3: -0.0040686992 | E3: -0.6952213 | F3: 0.19377337 | G3: 0.7576859 | H3: 0.091198616 | I3: 0.11466939 | J3: 0.36016822
A4: inc_by_hour | B4: age age_sq educ_2 educ_3 educ_4 sector2_1 sector2_2 sector2_3 sector2_4 sector2_5 firm_size_WB_1 firm_size_WB_2 firm_size_WB_3 tot_children week_hours | C4: 0.25216925 | D4: -0.071630344 | E4: -0.63817942 | F4: 0.81738633 | G4: 0.14459272 | H4: 0.3133274 | I4: 0.31623635 | J4: 0.20643646
A5: inc_d_total | B5: age age_sq educ_2 educ_3 educ_4 tot_children week_hours | C5: 0.55749625 | D5: 0.40494677 | E5: -0.064012989 | F5: 0.043752998 | G5: 0.17280945 | H5: 0.20101416 | I5: 0.28919694 | J5: 0.1984932
A6: inc_d_total | B6: age age_sq educ_2 educ_3 educ_4 sector2_1 sector2_2 sector2_3 sector2_4 sector2_5 tot_children week_hours | C6: 0.55749625 | D6: 0.1733508 | E6: -0.93817323 | F6: 0.39266771 | G6: 0.92965096 | H6: 0.090140998 | I6: 0.11399473 | J6: 0.41339195
A7: inc_d_total | B7: age age_sq educ_2 educ_3 educ_4 sector2_1 sector2_2 sector2_3 sector2_4 sector2_5 firm_size_WB_1 firm_size_WB_2 firm_size_WB_3 tot_children week_hours | C7: 0.55749625 | D7: 0.20114884 | E7: -0.59465587 | F7: 0.81780916 | G7: 0.1331941 | H7: 0.31041971 | I7: 0.31382009 | J7: 0.23631103
A8: inc_d_selfw | B8: age age_sq educ_2 educ_3 educ_4 tot_children week_hours | C8: 1.3463314 | D8: 1.0056632 | E8: -0.24953479 | F8: 0.18964534 | G8: 0.40055767 | H8: 0.21551587 | I8: 0.17323764 | J8: 0.37982675
A9: inc_d_selfw | B9: age age_sq educ_2 educ_3 educ_4 sector2_1 sector2_2 sector2_3 sector2_4 sector2_5 tot_children week_hours | C9: 1.3463314 | D9: 1.2878361 | E9: -0.31272981 | F9: -0.3329412 | G9: 0.70416641 | H9: 0.078250721 | I9: 0.06545978 | J9: 0.21625067
A10: inc_d_selfw | B10: age age_sq educ_2 educ_3 educ_4 sector2_1 sector2_2 sector2_3 sector2_4 sector2_5 firm_size_WB_1 firm_size_WB_2 firm_size_WB_3 tot_children week_hours | C10: 1.3463314 | D10: 1.2745231 | E10: 0.0015913042 | F10: -0.21980385 | G10: 0.29002082 | H10: 0.11065917 | I10: 0.09396629 | J10: 0.1735687
A11: inc_d_salw | B11: age age_sq educ_2 educ_3 educ_4 tot_children week_hours | C11: -0.28902656 | D11: 0.1619709 | E11: -0.41745177 | F11: -0.19959623 | G11: 0.16605055 | H11: 0.077750824 | I11: 0.23955852 | J11: 0.20110412
A12: inc_d_salw | B12: age age_sq educ_2 educ_3 educ_4 sector2_1 sector2_2 sector2_3 sector2_4 sector2_5 tot_children week_hours | C12: -0.28902656 | D12: -0.26038629 | E12: -0.89296436 | F12: 0.37420559 | G12: 0.4901185 | H12: 0.074694693 | I12: 0.13532653 | J12: 0.43903098
A13: inc_d_salw | B13: age age_sq educ_2 educ_3 educ_4 sector2_1 sector2_2 sector2_3 sector2_4 sector2_5 firm_size_WB_1 firm_size_WB_2 firm_size_WB_3 tot_children week_hours | C13: -0.28902656 | D13: -0.1711372 | E13: -0.28866947 | F13: 0.16761079 | G13: 0.0031693133 | H13: 0.43377617 | I13: 0.7806825 | J13: 0.16462325

Sheet SEN By sex
A1: inc_type | B1: controls | C1: D | D1: D0 | E1: DM | F1: DF | G1: DX | H1: percM | I1: percF | J1: sdev
A2: inc_by_hour | B2: age age_sq educ_2 educ_3 educ_4 tot_children week_hours | C2: -0.23845956 | D2: -0.31316888 | E2: -0.11543893 | F2: 0.19930373 | G2: -0.0091554904 | H2: 0.25394049 | I2: 0.42414272 | J2: 0.0232177
A3: inc_by_hour | B3: age age_sq educ_2 educ_3 educ_4 sector2_1 sector2_2 sector2_3 sector2_4 sector2_5 tot_children week_hours | C3: -0.23845956 | D3: -0.35226673 | E3: -0.14616774 | F3: 0.27133045 | G3: -0.011355551 | H3: 0.21378471 | I3: 0.37578359 | J3: 0.024763882
A4: inc_by_hour | B4: age age_sq educ_2 educ_3 educ_4 sector2_1 sector2_2 sector2_3 sector2_4 sector2_5 tot_children week_hours | C4: -0.23845956 | D4: -0.35226673 | E4: -0.14616774 | F4: 0.27133045 | G4: -0.011355551 | H4: 0.21378471 | I4: 0.37578359 | J4: 0.024763882
A5: inc_d_total | B5: age age_sq educ_2 educ_3 educ_4 tot_children week_hours | C5: -0.10218772 | D5: -0.21174102 | E5: -0.055929378 | F5: 0.11499633 | G5: 0.050486341 | H5: 0.11450293 | I5: 0.19114311 | J5: 0.045481246
A6: inc_d_total | B6: age age_sq educ_2 educ_3 educ_4 sector2_1 sector2_2 sector2_3 sector2_4 sector2_5 tot_children week_hours | C6: -0.10218772 | D6: -0.34873605 | E6: -0.1455555 | F6: 0.38182545 | G6: 0.01027836 | H6: 0.055288285 | I6: 0.10735006 | J6: 0.062916376
A7: inc_d_total | B7: age age_sq educ_2 educ_3 educ_4 sector2_1 sector2_2 sector2_3 sector2_4 sector2_5 tot_children week_hours | C7: -0.10218772 | D7: -0.34873605 | E7: -0.1455555 | F7: 0.38182545 | G7: 0.01027836 | H7: 0.055288285 | I7: 0.10735006 | J7: 0.062916376
A8: inc_d_selfw | B8: age age_sq educ_2 educ_3 educ_4 tot_children week_hours | C8: -0.20421524 | D8: -0.29385325 | E8: 0.027005522 | F8: 0.08062014 | G8: -0.017987644 | H8: 0.10548849 | I8: 0.18910389 | J8: 0.046200868
A9: inc_d_selfw | B9: age age_sq educ_2 educ_3 educ_4 sector2_1 sector2_2 sector2_3 sector2_4 sector2_5 tot_children week_hours | C9: -0.20421524 | D9: -0.38627189 | E9: 0.061348833 | F9: 0.21307296 | G9: -0.092365146 | H9: 0.061534714 | I9: 0.13035792 | J9: 0.055204991
A10: inc_d_selfw | B10: age age_sq educ_2 educ_3 educ_4 sector2_1 sector2_2 sector2_3 sector2_4 sector2_5 tot_children week_hours | C10: -0.20421524 | D10: -0.38627189 | E10: 0.061348833 | F10: 0.21307296 | G10: -0.092365146 | H10: 0.061534714 | I10: 0.13035792 | J10: 0.055204991
A11: inc_d_salw | B11: age age_sq educ_2 educ_3 educ_4 tot_children week_hours | C11: 0.24847087 | D11: 0.13043474 | E11: -0.0055827848 | F11: -0.0072856313 | G11: 0.13090456 | H11: 0.031208623 | I11: 0.066944622 | J11: 0.12731148
A12: inc_d_salw | B12: age age_sq educ_2 educ_3 educ_4 sector2_1 sector2_2 sector2_3 sector2_4 sector2_5 tot_children week_hours | C12: 0.24847087 | D12: 0.13118064 | E12: 0.18219811 | F12: -0.059926175 | G12: -0.004981711 | H12: 0.015698079 | I12: 0.032633189 | J12: 0.16432151
A13: inc_d_salw | B13: age age_sq educ_2 educ_3 educ_4 sector2_1 sector2_2 sector2_3 sector2_4 sector2_5 tot_children week_hours | C13: 0.24847087 | D13: 0.13118064 | E13: 0.18219811 | F13: -0.059926175 | G13: -0.004981711 | H13: 0.015698079 | I13: 0.032633189 | J13: 0.16432151

Sheet GNB By sex
A1: inc_type | B1: controls | C1: D | D1: D0 | E1: DM | F1: DF | G1: DX | H1: percM | I1: percF | J1: sdev
A2: inc_by_hour | B2: age age_sq educ_2 educ_3 educ_4 tot_children week_hours | C2: -0.09745802 | D2: -0.045605503 | E2: -0.23739019 | F2: 0.2267708 | G2: -0.04123313 | H2: 0.29996181 | I2: 0.35837454 | J2: 0.02867247
A3: inc_by_hour | B3: age age_sq educ_2 educ_3 educ_4 sector2_1 sector2_2 sector2_3 sector2_4 sector2_5 tot_children week_hours | C3: -0.09745802 | D3: -0.060622729 | E3: -0.2807239 | F3: 0.27360564 | G3: -0.029717041 | H3: 0.27268714 | I3: 0.33019951 | J3: 0.029680865
A4: inc_by_hour | B4: age age_sq educ_2 educ_3 educ_4 sector2_1 sector2_2 sector2_3 sector2_4 sector2_5 tot_children week_hours | C4: -0.09745802 | D4: -0.060622729 | E4: -0.2807239 | F4: 0.27360564 | G4: -0.029717041 | H4: 0.27268714 | I4: 0.33019951 | J4: 0.029680865
A5: inc_d_total | B5: age age_sq educ_2 educ_3 educ_4 tot_children week_hours | C5: 0.035460938 | D5: 0.11769745 | E5: 0.14351727 | F5: -0.1484333 | G5: -0.077320486 | H5: 0.17070225 | I5: 0.16883504 | J5: 0.046302434
A6: inc_d_total | B6: age age_sq educ_2 educ_3 educ_4 sector2_1 sector2_2 sector2_3 sector2_4 sector2_5 tot_children week_hours | C6: 0.035460938 | D6: 0.056286845 | E6: 0.10845781 | F6: -0.081278451 | G6: -0.048005268 | H6: 0.11795267 | I6: 0.1177416 | J6: 0.053238943
A7: inc_d_total | B7: age age_sq educ_2 educ_3 educ_4 sector2_1 sector2_2 sector2_3 sector2_4 sector2_5 tot_children week_hours | C7: 0.035460938 | D7: 0.056286845 | E7: 0.10845781 | F7: -0.081278451 | G7: -0.048005268 | H7: 0.11795267 | I7: 0.1177416 | J7: 0.053238943
A8: inc_d_selfw | B8: age age_sq educ_2 educ_3 educ_4 tot_children week_hours | C8: 0.0087672276 | D8: -0.0099685369 | E8: 0.16347457 | F8: -0.12507416 | G8: -0.019664649 | H8: 0.12717332 | I8: 0.12753356 | J8: 0.053065009
A9: inc_d_selfw | B9: age age_sq educ_2 educ_3 educ_4 sector2_1 sector2_2 sector2_3 sector2_4 sector2_5 tot_children week_hours | C9: 0.0087672276 | D9: -0.057618562 | E9: 0.20907938 | F9: -0.11866196 | G9: -0.024031645 | H9: 0.10381321 | I9: 0.10094578 | J9: 0.057089079
A10: inc_d_selfw | B10: age age_sq educ_2 educ_3 educ_4 sector2_1 sector2_2 sector2_3 sector2_4 sector2_5 tot_children week_hours | C10: 0.0087672276 | D10: -0.057618562 | E10: 0.20907938 | F10: -0.11866196 | G10: -0.024031645 | H10: 0.10381321 | I10: 0.10094578 | J10: 0.057089079
A11: inc_d_salw | B11: age age_sq educ_2 educ_3 educ_4 tot_children week_hours | C11: 0.025234919 | D11: 0.41684529 | E11: -0.22637521 | F11: 0.032859065 | G11: -0.19809422 | H11: 0.036938511 | I11: 0.087869883 | J11: 0.2295323
A12: inc_d_salw | B12: age age_sq educ_2 educ_3 educ_4 sector2_1 sector2_2 sector2_3 sector2_4 sector2_5 tot_children week_hours | C12: 0.025234919 | D12: 0.49784642 | E12: -0.295371 | F12: -0.030911403 | G12: -0.1463291 | H12: 0.021792589 | I12: 0.057689086 | J12: 0.27072933
A13: inc_d_salw | B13: age age_sq educ_2 educ_3 educ_4 sector2_1 sector2_2 sector2_3 sector2_4 sector2_5 tot_children week_hours | C13: 0.025234919 | D13: 0.49784642 | E13: -0.295371 | F13: -0.030911403 | G13: -0.1463291 | H13: 0.021792589 | I13: 0.057689086 | J13: 0.27072933
